{"cameraMode":{"drawMode":0,"name":"Shaded","section":"Shading Mode"},"sceneLighting":true,"audioPlay":false,"sceneViewState":{"m_AlwaysRefresh":false,"showFog":true,"showSkybox":true,"showFlares":true,"showImageEffects":true,"showParticleSystems":true,"showVisualEffectGraphs":true,"m_FxEnabled":true},"in2DMode":false,"pivot":{"x":-0.005243150517344475,"y":0.4980306625366211,"z":-0.0034037381410598757},"rotation":{"x":-0.0003287084982730448,"y":0.9986193776130676,"z":0.05216575041413307,"w":0.006292239762842655},"size":0.17531806230545045,"orthographic":false}