{"cameraMode":{"drawMode":0,"name":"Shaded","section":"Shading Mode"},"sceneLighting":true,"audioPlay":false,"sceneViewState":{"m_AlwaysRefresh":false,"showFog":true,"showSkybox":true,"showFlares":true,"showImageEffects":true,"showParticleSystems":true,"showVisualEffectGraphs":true,"m_FxEnabled":true},"in2DMode":false,"pivot":{"x":0.02645968273282051,"y":0.6302449107170105,"z":-1.8190741539001465},"rotation":{"x":-0.00024330889573320746,"y":0.9994844198226929,"z":0.031184455379843713,"w":0.007797029335051775},"size":1.0316895246505738,"orthographic":false}